<?xml version="1.0" encoding="utf-8"?><!-- Copyright (c) Microsoft Corporation.  All rights reserved. --><GroupPolicyBackupScheme bkp:version="2.0" bkp:type="GroupPolicyBackupTemplate" xmlns:bkp="http://www.microsoft.com/GroupPolicy/GPOOperations" xmlns="http://www.microsoft.com/GroupPolicy/GPOOperations">
    <GroupPolicyObject><SecurityGroups><Group bkp:Source="FromDACL"><Sid><![CDATA[S-1-5-21-1253758154-2048640198-2658262190-519]]></Sid><SamAccountName><![CDATA[Enterprise Admins]]></SamAccountName><Type><![CDATA[UniversalGroup]]></Type><NetBIOSDomainName><![CDATA[BLUEVOYANTMDR]]></NetBIOSDomainName><DnsDomainName><![CDATA[ad.bluevoyantmdr.com]]></DnsDomainName><UPN><![CDATA[Enterprise Admins@ad.bluevoyantmdr.com]]></UPN></Group><Group bkp:Source="FromDACL"><Sid><![CDATA[S-1-5-21-1253758154-2048640198-2658262190-512]]></Sid><SamAccountName><![CDATA[Domain Admins]]></SamAccountName><Type><![CDATA[GlobalGroup]]></Type><NetBIOSDomainName><![CDATA[BLUEVOYANTMDR]]></NetBIOSDomainName><DnsDomainName><![CDATA[ad.bluevoyantmdr.com]]></DnsDomainName><UPN><![CDATA[Domain Admins@ad.bluevoyantmdr.com]]></UPN></Group></SecurityGroups><FilePaths/><GroupPolicyCoreSettings><ID><![CDATA[{CB0AD815-10A5-4157-9CD5-C50F94BF094A}]]></ID><Domain><![CDATA[ad.bluevoyantmdr.com]]></Domain><SecurityDescriptor>01 00 04 9c 00 00 00 00 00 00 00 00 00 00 00 00 14 00 00 00 04 00 ec 00 08 00 00 00 05 02 28 00 00 01 00 00 01 00 00 00 8f fd ac ed b3 ff d1 11 b4 1d 00 a0 c9 68 f9 39 01 01 00 00 00 00 00 05 0b 00 00 00 00 00 24 00 ff 00 0f 00 01 05 00 00 00 00 00 05 15 00 00 00 ca d4 ba 4a c6 c4 1b 7a ae dc 71 9e 00 02 00 00 00 02 24 00 ff 00 0f 00 01 05 00 00 00 00 00 05 15 00 00 00 ca d4 ba 4a c6 c4 1b 7a ae dc 71 9e 00 02 00 00 00 02 24 00 ff 00 0f 00 01 05 00 00 00 00 00 05 15 00 00 00 ca d4 ba 4a c6 c4 1b 7a ae dc 71 9e 07 02 00 00 00 02 14 00 94 00 02 00 01 01 00 00 00 00 00 05 09 00 00 00 00 02 14 00 94 00 02 00 01 01 00 00 00 00 00 05 0b 00 00 00 00 02 14 00 ff 00 0f 00 01 01 00 00 00 00 00 05 12 00 00 00 00 0a 14 00 ff 00 0f 00 01 01 00 00 00 00 00 03 00 00 00 00</SecurityDescriptor><DisplayName><![CDATA[DC Advanced Audit Policy]]></DisplayName><Options><![CDATA[0]]></Options><UserVersionNumber><![CDATA[0]]></UserVersionNumber><MachineVersionNumber><![CDATA[458759]]></MachineVersionNumber><MachineExtensionGuids><![CDATA[[{827D319E-6EAC-11D2-A4EA-00C04F79F83A}{803E14A0-B4FB-11D0-A0D0-00A0C90F574B}][{F3CCC681-B74C-4060-9F26-CD84525DCA2A}{0F3F3735-573D-9804-99E4-AB2A69BA5FD4}]]]></MachineExtensionGuids><UserExtensionGuids/><WMIFilter/></GroupPolicyCoreSettings> 
        <GroupPolicyExtension bkp:ID="{35378EAC-683F-11D2-A89A-00C04FBBCFA2}" bkp:DescName="Registry">
            
            
            <FSObjectFile bkp:Path="%GPO_FSPATH%\Adm\*.*" bkp:SourceExpandedPath="\\mitreevaldc200.ad.bluevoyantmdr.com\sysvol\ad.bluevoyantmdr.com\Policies\{CB0AD815-10A5-4157-9CD5-C50F94BF094A}\Adm\*.*"/>
        </GroupPolicyExtension>
        
        
        
        
        <GroupPolicyExtension bkp:ID="{827D319E-6EAC-11D2-A4EA-00C04F79F83A}" bkp:DescName="Security">
            <FSObjectFile bkp:Path="%GPO_MACH_FSPATH%\microsoft\windows nt\SecEdit\GptTmpl.inf" bkp:SourceExpandedPath="\\mitreevaldc200.ad.bluevoyantmdr.com\sysvol\ad.bluevoyantmdr.com\Policies\{CB0AD815-10A5-4157-9CD5-C50F94BF094A}\Machine\microsoft\windows nt\SecEdit\GptTmpl.inf" bkp:ReEvaluateFunction="SecurityValidateSettings" bkp:Location="DomainSysvol\GPO\Machine\microsoft\windows nt\SecEdit\GptTmpl.inf"/>
        </GroupPolicyExtension>
        
        
        
        
    <GroupPolicyExtension bkp:ID="{F15C46CD-82A0-4C2D-A210-5D0D3182A418}" bkp:DescName="Unknown Extension"><FSObjectDir bkp:Path="%GPO_MACH_FSPATH%\Applications" bkp:SourceExpandedPath="\\mitreevaldc200.ad.bluevoyantmdr.com\sysvol\ad.bluevoyantmdr.com\Policies\{CB0AD815-10A5-4157-9CD5-C50F94BF094A}\Machine\Applications" bkp:Location="DomainSysvol\GPO\Machine\Applications"/><FSObjectDir bkp:Path="%GPO_MACH_FSPATH%\Microsoft" bkp:SourceExpandedPath="\\mitreevaldc200.ad.bluevoyantmdr.com\sysvol\ad.bluevoyantmdr.com\Policies\{CB0AD815-10A5-4157-9CD5-C50F94BF094A}\Machine\Microsoft" bkp:Location="DomainSysvol\GPO\Machine\Microsoft"/><FSObjectDir bkp:Path="%GPO_MACH_FSPATH%\Microsoft\Windows NT" bkp:SourceExpandedPath="\\mitreevaldc200.ad.bluevoyantmdr.com\sysvol\ad.bluevoyantmdr.com\Policies\{CB0AD815-10A5-4157-9CD5-C50F94BF094A}\Machine\Microsoft\Windows NT" bkp:Location="DomainSysvol\GPO\Machine\Microsoft\Windows NT"/><FSObjectDir bkp:Path="%GPO_MACH_FSPATH%\Microsoft\Windows NT\Audit" bkp:SourceExpandedPath="\\mitreevaldc200.ad.bluevoyantmdr.com\sysvol\ad.bluevoyantmdr.com\Policies\{CB0AD815-10A5-4157-9CD5-C50F94BF094A}\Machine\Microsoft\Windows NT\Audit" bkp:Location="DomainSysvol\GPO\Machine\Microsoft\Windows NT\Audit"/><FSObjectFile bkp:Path="%GPO_MACH_FSPATH%\Microsoft\Windows NT\Audit\audit.csv" bkp:SourceExpandedPath="\\mitreevaldc200.ad.bluevoyantmdr.com\sysvol\ad.bluevoyantmdr.com\Policies\{CB0AD815-10A5-4157-9CD5-C50F94BF094A}\Machine\Microsoft\Windows NT\Audit\audit.csv" bkp:Location="DomainSysvol\GPO\Machine\Microsoft\Windows NT\Audit\audit.csv"/><FSObjectDir bkp:Path="%GPO_MACH_FSPATH%\Microsoft\Windows NT\SecEdit" bkp:SourceExpandedPath="\\mitreevaldc200.ad.bluevoyantmdr.com\sysvol\ad.bluevoyantmdr.com\Policies\{CB0AD815-10A5-4157-9CD5-C50F94BF094A}\Machine\Microsoft\Windows NT\SecEdit" bkp:Location="DomainSysvol\GPO\Machine\Microsoft\Windows NT\SecEdit"/><FSObjectDir bkp:Path="%GPO_MACH_FSPATH%\Scripts" bkp:SourceExpandedPath="\\mitreevaldc200.ad.bluevoyantmdr.com\sysvol\ad.bluevoyantmdr.com\Policies\{CB0AD815-10A5-4157-9CD5-C50F94BF094A}\Machine\Scripts" bkp:Location="DomainSysvol\GPO\Machine\Scripts"/><FSObjectDir bkp:Path="%GPO_MACH_FSPATH%\Scripts\Shutdown" bkp:SourceExpandedPath="\\mitreevaldc200.ad.bluevoyantmdr.com\sysvol\ad.bluevoyantmdr.com\Policies\{CB0AD815-10A5-4157-9CD5-C50F94BF094A}\Machine\Scripts\Shutdown" bkp:Location="DomainSysvol\GPO\Machine\Scripts\Shutdown"/><FSObjectDir bkp:Path="%GPO_MACH_FSPATH%\Scripts\Startup" bkp:SourceExpandedPath="\\mitreevaldc200.ad.bluevoyantmdr.com\sysvol\ad.bluevoyantmdr.com\Policies\{CB0AD815-10A5-4157-9CD5-C50F94BF094A}\Machine\Scripts\Startup" bkp:Location="DomainSysvol\GPO\Machine\Scripts\Startup"/></GroupPolicyExtension></GroupPolicyObject>
</GroupPolicyBackupScheme>