<BackupInst xmlns="http://www.microsoft.com/GroupPolicy/GPOOperations/Manifest"><GPOGuid><![CDATA[{CB0AD815-10A5-4157-9CD5-C50F94BF094A}]]></GPOGuid><GPODomain><![CDATA[ad.bluevoyantmdr.com]]></GPODomain><GPODomainGuid><![CDATA[{0d8e3878-ce5f-4efe-a29b-def4085360d7}]]></GPODomainGuid><GPODomainController><![CDATA[mitreevaldc200.ad.bluevoyantmdr.com]]></GPODomainController><BackupTime><![CDATA[2022-06-05T20:17:07]]></BackupTime><ID><![CDATA[{D5AB9787-9005-491C-B6AF-CECFD36CA199}]]></ID><Comment><![CDATA[]]></Comment><GPODisplayName><![CDATA[DC Advanced Audit Policy]]></GPODisplayName></BackupInst>
