<BackupInst xmlns="http://www.microsoft.com/GroupPolicy/GPOOperations/Manifest"><GPOGuid><![CDATA[{63A42736-EA7F-4889-B8A7-62C21928A237}]]></GPOGuid><GPODomain><![CDATA[ad.bluevoyantmdr.com]]></GPODomain><GPODomainGuid><![CDATA[{0d8e3878-ce5f-4efe-a29b-def4085360d7}]]></GPODomainGuid><GPODomainController><![CDATA[mitreevaldc200.ad.bluevoyantmdr.com]]></GPODomainController><BackupTime><![CDATA[2022-06-05T20:17:06]]></BackupTime><ID><![CDATA[{33A5ED7D-1E5C-418F-A730-6A31C9B3A766}]]></ID><Comment><![CDATA[]]></Comment><GPODisplayName><![CDATA[Advanced Audit Policy]]></GPODisplayName></BackupInst>
